{
    "filter-bank": 3.2033024e7,
    "max-filter": 3.2784e7,
    "ac": 250000,
    "wave1d": 9.6000024e7,
    "wave2d": 9.6096024e7
}
