{
    "filter-bank": {
        "mod": 3.2032e7,
        "mask": 3.2032384e7,
        "shift": 3.2048e7
    },
    "max-filter": {
        "mod": 3.2016e7,
        "mask": 3.2784e7,
        "shift": 6.4016e7
    },
    "ac": {
        "mod": 240000,
        "mask": 342144,
        "shift": 240000
    },
    "wave1d": {
        "mod": 9.6000024e7,
        "mask": 1.28000032e8,
        "shift": 1.92000048e8
    },
    "wave2d": {
        "mod": 9.6096024e7,
        "mask": 1.28128032e8,
        "shift": 1.92192048e8
    }
}
